{"type": "block", "layer": 7, "block": 0, "features": [{"geom": {"polygons": [[[[-12.055078169330955, 170.76166992541403], [-6.76341150328517, 173.40750325843692], [-5.109765667468309, 166.79291992355138], [-1.1410156693309546, 164.1470865905285], [2.4970051646232605, 164.4778157575056], [2.4970051646232605, 173.73823242541403], [39.869400998577476, 180.02208659332246], [47.476171830669045, 118.1757324244827], [9.111588498577476, 108.9153157575056], [1.5048176627606153, 160.50906575843692], [-6.76341150328517, 158.5246907575056], [-12.055078169330955, 170.76166992541403]]]], "centroids": [[22.98357078805566, 145.77037122938782, 1025.3802490234375]], "h": 22.5}, "mtl": {"idx": 0, "edge": 1}}, {"geom": {"polygons": [[[[-105.15533858723938, 264.6060709664598], [-106.47825525701046, 267.33458659239113], [-99.86367192305624, 268.492138675414], [-102.84023442305624, 276.925732425414], [-95.56419275514781, 279.2408365905285], [-103.83242192305624, 305.6991699235514], [-57.86106775701046, 319.92052408959717], [-32.064192755147815, 244.18354492634535], [-77.0433594211936, 232.1119303405285], [-80.51601567305624, 241.70307617541403], [-88.45351566933095, 240.0494303405285], [-96.30833338014781, 259.14903971739113], [-102.0960937961936, 256.7512532575056], [-105.15533858723938, 264.6060709664598]]]], "centroids": [[-70.36252735368907, 274.2557812957093, 1048.1482696533203]], "h": 17.5}, "mtl": {"idx": 0, "edge": 1}}, {"geom": {"polygons": [[[[-104.98997400328517, 266.011669925414], [-92.75299483537674, 229.63146158959717], [-30.24518233537674, 244.18354492634535], [-26.937890669330955, 244.5142740905285], [-6.4326823353767395, 173.0767740914598], [-55.711328169330955, 162.49344075843692], [-57.695703169330955, 173.73823242541403], [-50.41966150328517, 175.39187825843692], [-62.656640669330955, 214.08719075843692], [-189.98736983537674, 183.32937825936824], [-189.32591150328517, 174.73041992634535], [-197.26341150328517, 171.42312825657427], [-225.70611983537674, 234.5923990914598], [-214.13059900142252, 242.19916992541403], [-214.79205733537674, 239.5533365914598], [-146.66184900328517, 278.57937825936824], [-147.9847656711936, 281.5559407584369], [-140.70872400328517, 286.1861490914598], [-132.77122400142252, 276.2642740905285], [-129.46393233537674, 260.7200032584369], [-104.98997400328517, 266.011669925414]]]], "centroids": [[-121.65156759135425, 221.28003152273595, 1048.1990051269531]], "h": 25.0}, "mtl": {"idx": 0, "edge": 1}}, {"geom": {"polygons": [[[[930.8537760004401, 2397.065055342391], [977.8173176646233, 2370.275992842391], [981.1246093325317, 2379.2056803433225], [954.3355468325317, 2395.7421386772767], [962.6037759985775, 2411.9478678433225], [967.5647134985775, 2408.9713053433225], [974.1792968325317, 2418.893180344254], [1010.2287759985775, 2399.049430342391], [1002.6220051664859, 2383.5051595102996], [1015.8511718343943, 2375.5676595102996], [1048.5933593325317, 2430.799430342391], [1076.3746093343943, 2416.2473470102996], [1035.364192666486, 2348.4478678433225], [1011.2209634985775, 2363.6614095093682], [998.9839843325317, 2341.171826178208], [1014.8589843325317, 2329.265576178208], [1009.5673176664859, 2319.6744303433225], [1066.452734330669, 2286.6015136772767], [1053.8850259985775, 2257.497347008437], [1017.1740884985775, 2278.002555342391], [1017.8355468325317, 2280.648388675414], [938.4605468325317, 2322.9817220102996], [948.0516926664859, 2338.525992842391], [934.4917968343943, 2346.7942220093682], [941.1063801646233, 2354.4009928433225], [914.9787759985775, 2371.2681803433225], [930.8537760004401, 2397.065055342391]]]], "centroids": [[998.3480941876769, 2351.456002461724, 1052.9011535644531]], "h": 15.0}, "mtl": {"idx": 0, "edge": 1}}, {"geom": {"polygons": [[[[160.0894530825317, 2648.253857425414], [248.3941405825317, 2649.2460449263453], [248.3941405825317, 2605.589794925414], [263.2769530825317, 2605.589794925414], [262.2847655825317, 2626.425732425414], [270.5529947485775, 2626.7564615933225], [269.89153641462326, 2636.6783365933225], [311.2326822485775, 2636.3476074263453], [311.8941405825317, 2627.7486490933225], [322.1467447485775, 2626.7564615933225], [322.8082030825317, 2635.0246907575056], [326.7769530825317, 2635.0246907575056], [325.4540364127606, 2638.0012532602996], [342.3212239164859, 2638.6627115933225], [342.9826822504401, 2594.3450032593682], [347.28216141462326, 2594.3450032593682], [347.28216141462326, 2573.8397949244827], [335.0451822485775, 2573.5090657593682], [335.0451822485775, 2577.4778157593682], [326.7769530825317, 2577.4778157593682], [327.10768225230277, 2566.8944824272767], [318.1779947504401, 2566.8944824272767], [319.50091141462326, 2552.6731282593682], [324.46184891462326, 2552.6731282593682], [324.46184891462326, 2538.45177409146], [328.7613280825317, 2538.45177409146], [330.0842447485775, 2529.8528157602996], [336.0373697485775, 2529.522086594254], [335.37591141462326, 2521.9153157593682], [329.0920572485775, 2521.9153157593682], [330.41497391462326, 2516.2929199244827], [274.19101558439434, 2512.3241699272767], [274.5217447504401, 2525.8840657593682], [250.70924474857748, 2526.8762532602996], [250.3785155825317, 2517.2851074272767], [212.3446614164859, 2517.2851074272767], [211.02174474857748, 2504.0559407602996], [257.6545572504401, 2504.7173990933225], [260.3003905825317, 2501.079378261231], [257.98528641462326, 2494.1340657602996], [250.3785155825317, 2494.795524094254], [251.0399739164859, 2470.9830240933225], [256.6623697485775, 2469.6601074244827], [257.6545572504401, 2462.7147949263453], [254.3472655825317, 2459.0767740933225], [250.04778641462326, 2458.084586592391], [250.04778641462326, 2451.800732428208], [233.84205725044012, 2449.816357425414], [214.99049474857748, 2452.13146159146], [211.35247391462326, 2466.3528157602996], [195.47747391462326, 2465.6913574272767], [193.4930989164859, 2466.6835449263453], [190.8472655825317, 2468.0064615933225], [189.19361974857748, 2470.9830240933225], [189.8550780825317, 2486.1965657602996], [156.12070308439434, 2485.2043782593682], [154.1363280825317, 2491.1575032602996], [153.14414058439434, 2498.1028157602996], [152.1519530825317, 2504.3866699263453], [153.80559891462326, 2511.0012532593682], [154.7977864164859, 2518.2772949244827], [193.8238280825317, 2519.2694824263453], [193.4930989164859, 2548.0429199263453], [186.8785155825317, 2547.712190761231], [186.8785155825317, 2542.7512532593682], [182.90976558439434, 2544.7356282602996], [182.24830725044012, 2536.467399092391], [177.28736974857748, 2536.136669925414], [177.61809891462326, 2531.8371907602996], [151.1597655825317, 2532.49864909146], [151.1597655825317, 2566.563753258437], [205.39934891462326, 2565.9022949263453], [205.39934891462326, 2563.9179199263453], [221.27434891462326, 2563.587190761231], [220.61289058439434, 2581.4465657575056], [202.42278641462326, 2582.10802409146], [202.42278641462326, 2583.4309407602996], [191.83945308439434, 2582.7694824272767], [191.83945308439434, 2601.95177409146], [194.15455725044012, 2601.6210449263453], [192.8316405825317, 2624.1106282602996], [179.60247391462326, 2625.76427409146], [179.60247391462326, 2613.196565761231], [160.0894530825317, 2613.196565761231], [158.76653641462326, 2628.7408365905285], [161.41236975044012, 2629.0715657602996], [160.0894530825317, 2648.253857425414]]]], "centroids": [[244.97020899876952, 2562.666329178028, 1123.042221069336]], "h": 15.0}, "mtl": {"idx": 0,