{"type": "block", "layer": 7, "block": 0, "features": [{"geom": {"polygons": [[[[82.70020611956716, -249.35394421499223], [87.99187278561294, -246.70811088196933], [89.6455186214298, -253.32269421685487], [93.61426861956716, -255.96852754987776], [97.25228945352137, -255.63779838290066], [97.25228945352137, -246.37738171499223], [134.6246852874756, -240.0935275470838], [142.23145611956716, -301.93988171592355], [103.86687278747559, -311.20029838290066], [96.26010195165873, -259.60654838196933], [87.99187278561294, -261.59092338290066], [82.70020611956716, -249.35394421499223]]]], "centroids": [[117.73885507695377, -274.34524291101843, 1025.3802490234375]], "h": 22.5}, "mtl": {"idx": 0, "edge": 1}}, {"geom": {"polygons": [[[[-10.400054298341274, -155.50954317394644], [-11.72297096811235, -152.78102754801512], [-5.1083876341581345, -151.62347546499223], [-8.084950134158134, -143.18988171499223], [-0.8089084662497044, -140.87477754987776], [-9.077137634158134, -114.41644421685487], [36.89421653188765, -100.19509005080909], [62.691091533750296, -175.9320692140609], [17.71192486770451, -188.00368379987776], [14.239268615841866, -178.41253796499223], [6.301768619567156, -180.06618379987776], [-1.5530490912497044, -160.96657442301512], [-7.340809507295489, -163.36436088290066], [-10.400054298341274, -155.50954317394644]]]], "centroids": [[24.392756935209036, -145.85983284469694, 1048.1482696533203]], "h": 17.5}, "mtl": {"idx": 0, "edge": 1}}, {"geom": {"polygons": [[[[-10.23468971438706, -154.10394421499223], [2.002289453521371, -190.48415255080909], [64.51010195352137, -175.9320692140609], [67.81739361956716, -175.60134004987776], [88.32260195352137, -247.03884004894644], [39.043956119567156, -257.62217338196933], [37.059581119567156, -246.37738171499223], [44.33562278561294, -244.72373588196933], [32.098643619567156, -206.02842338196933], [-95.23208554647863, -236.786235881038], [-94.57062721438706, -245.3851942140609], [-102.50812721438706, -248.69248588383198], [-130.95083554647863, -185.52321504894644], [-119.37531471252441, -177.91644421499223], [-120.03677304647863, -180.56227754894644], [-51.90656471438706, -141.536235881038], [-53.22948138229549, -138.55967338196933], [-45.95343971438706, -133.92946504894644], [-38.015939712524414, -143.85134004987776], [-34.70864804647863, -159.39561088196933], [-10.23468971438706, -154.10394421499223]]]], "centroids": [[-26.89628330245614, -198.8355826176703, 1048.1990051269531]], "h": 25.0}, "mtl": {"idx": 0, "edge": 1}}, {"geom": {"polygons": [[[[1025.6090602893382, 1976.9494412019849], [1072.5726019535214, 1950.1603787019849], [1075.8798936214298, 1959.0900662029162], [1049.0908311214298, 1975.6265245368704], [1057.3590602874756, 1991.8322537029162], [1062.3199977874756, 1988.8556912029162], [1068.9345811214298, 1998.7775662038475], [1104.9840602874756, 1978.9338162019849], [1097.377289455384, 1963.3895453698933], [1110.6064561232924, 1955.4520453698933], [1143.3486436214298, 2010.6838162019849], [1171.1298936232924, 1996.1317328698933], [1130.119476955384, 1928.3322537029162], [1105.9762477874756, 1943.545795368962], [1093.7392686214298, 1921.0562120378017], [1109.6142686214298, 1909.1499620378017], [1104.322601955384, 1899.5588162029162], [1161.2080186195672, 1866.4858995368704], [1148.6403102874756, 1837.3817328680307], [1111.9293727874756, 1857.8869412019849], [1112.5908311214298, 1860.5327745350078], [1033.2158311214298, 1902.8661078698933], [1042.806976955384, 1918.4103787019849], [1029.2470811232924, 1926.678607868962], [1035.8616644535214, 1934.2853787029162], [1009.7340602874756, 1951.1525662029162], [1025.6090602893382, 1976.9494412019849]]]], "centroids": [[1093.103378476575, 1931.3403883213177, 1052.9011535644531]], "h": 15.0}, "mtl": {"idx": 0, "edge": 1}}, {"geom": {"polygons": [[[[254.8447373714298, 2228.138243285008], [343.1494248714298, 2229.130430785939], [343.1494248714298, 2185.474180785008], [358.0322373714298, 2185.474180785008], [357.0400498714298, 2206.310118285008], [365.3082790374756, 2206.640847452916], [364.64682070352137, 2216.562722452916], [405.9879665374756, 2216.231993285939], [406.6494248714298, 2207.633034952916], [416.9020290374756, 2206.640847452916], [417.5634873714298, 2214.9090766170993], [421.5322373714298, 2214.9090766170993], [420.2093207016587, 2217.8856391198933], [437.076508205384, 2218.547097452916], [437.73796653933823, 2174.229389118962], [442.03744570352137, 2174.229389118962], [442.03744570352137, 2153.7241807840765], [429.8004665374756, 2153.393451618962], [429.8004665374756, 2157.362201618962], [421.5322373714298, 2157.362201618962], [421.8629665412009, 2146.7788682868704], [412.93327903933823, 2146.7788682868704], [414.25619570352137, 2132.557514118962], [419.21713320352137, 2132.557514118962], [419.21713320352137, 2118.3361599510536], [423.5166123714298, 2118.3361599510536], [424.8395290374756, 2109.7372016198933], [430.7926540374756, 2109.4064724538475], [430.13119570352137, 2101.799701618962], [423.8473415374756, 2101.799701618962], [425.17025820352137, 2096.1773057840765], [368.94629987329245, 2092.2085557868704], [369.27702903933823, 2105.768451618962], [345.4645290374756, 2106.7606391198933], [345.1337998714298, 2097.1694932868704], [307.099945705384, 2097.1694932868704], [305.7770290374756, 2083.9403266198933], [352.40984153933823, 2084.601784952916], [355.0556748714298, 2080.9637641208246], [352.74057070352137, 2074.0184516198933], [345.1337998714298, 2074.6799099538475], [345.795258205384, 2050.867409952916], [351.4176540374756, 2049.5444932840765], [352.40984153933823, 2042.599180785939], [349.1025498714298, 2038.9611599529162], [344.80307070352137, 2037.9689724519849], [344.80307070352137, 2031.6851182878017], [328.59734153933823, 2029.7007432850078], [309.7457790374756, 2032.0158474510536], [306.10775820352137, 2046.2372016198933], [290.23275820352137, 2045.5757432868704], [288.248383205384, 2046.567930785939], [285.6025498714298, 2047.8908474529162], [283.9489040374756, 2050.867409952916], [284.6103623714298, 2066.0809516198933], [250.87598737329245, 2065.088764118962], [248.8916123714298, 2071.0418891198933], [247.89942487329245, 2077.9872016198933], [246.9072373714298, 2084.271055785939], [248.56088320352137, 2090.885639118962], [249.55307070538402, 2098.1616807840765], [288.5791123714298, 2099.153868285939], [288.248383205384, 2127.927305785939], [281.6337998714298, 2127.5965766208246], [281.6337998714298, 2122.635639118962], [277.66504987329245, 2124.6200141198933], [277.00359153933823, 2116.351784951985], [272.0426540374756, 2116.021055785008], [272.37338320352137, 2111.7215766198933], [245.9150498714298, 2112.3830349510536], [245.9150498714298, 2146.4481391180307], [300.15463320352137, 2145.786680785939], [300.15463320352137, 2143.802305785939], [316.02963320352137, 2143.4715766208246], [315.36817487329245, 2161.3309516170993], [297.17807070352137, 2161.9924099510536], [297.17807070352137, 2163.3153266198933], [286.59473737329245, 2162.6538682868704], [286.59473737329245, 2181.8361599510536], [288.90984153933823, 2181.505430785939], [287.5869248714298, 2203.9950141198933], [274.35775820352137, 2205.6486599510536], [274.35775820352137, 2193.0809516208246], [254.8447373714298, 2193.0809516208246], [253.52182070352137, 2208.6252224501222], [256.16765403933823, 2208.9559516198933], [254.8447373714298, 2228.138243285008]]]], "centroids": [[339.72549328766763, 2142.5507150376216, 1123.042221069336]], "h": 15.0}, "mtl": {"idx": 0,