{"type": "block", "layer": 7, "block": 0, "features": [{"geom": {"polygons": [[[[-455.4085503872484, -335.1657606307417], [-450.1168837212026, -332.5199272977188], [-448.46323788538575, -339.13451063260436], [-444.4944878872484, -341.78034396562725], [-440.8564670532942, -341.44961479865015], [-440.8564670532942, -332.1891981307417], [-403.48407121933997, -325.9053439628333], [-395.8773003872484, -387.75169813167304], [-434.24188371933997, -397.01211479865015], [-441.8486545551568, -345.4183647977188], [-450.1168837212026, -347.40273979865015], [-455.4085503872484, -335.1657606307417]]]], "centroids": [[-420.3699014298618, -360.1570593267679, 1025.3802490234375]], "h": 22.5}, "mtl": {"idx": 0, "edge": 1}}, {"geom": {"polygons": [[[[-548.5088108051568, -241.32135958969593], [-549.8317274749279, -238.5928439637646], [-543.2171441409737, -237.43529188074172], [-546.1937066409737, -229.00169813074172], [-538.9176649730653, -226.68659396562725], [-547.1858941409737, -200.22826063260436], [-501.2145399749279, -186.00690646655858], [-475.41766497306526, -261.7438856298104], [-520.396831639111, -273.81550021562725], [-523.8694878909737, -264.2243543807417], [-531.8069878872484, -265.87800021562725], [-539.6618055980653, -246.7783908387646], [-545.449566014111, -249.17617729865015], [-548.5088108051568, -241.32135958969593]]]], "centroids": [[-513.7159995716065, -231.67164926044643, 1048.1482696533203]], "h": 17.5}, "mtl": {"idx": 0, "edge": 1}}, {"geom": {"polygons": [[[[-548.3434462212026, -239.91576063074172], [-536.1064670532942, -276.2959689665586], [-473.5986545532942, -261.7438856298104], [-470.2913628872484, -261.41315646562725], [-449.7861545532942, -332.85065646469593], [-499.0648003872484, -343.4339897977188], [-501.0491753872484, -332.1891981307417], [-493.7731337212026, -330.5355522977188], [-506.0101128872484, -291.8402397977188], [-633.3408420532942, -322.5980522967875], [-632.6793837212026, -331.1970106298104], [-640.6168837212026, -334.50430229958147], [-669.0595920532942, -271.33503146469593], [-657.48407121934, -263.7282606307417], [-658.1455295532942, -266.37409396469593], [-590.0153212212026, -227.3480522967875], [-591.338237889111, -224.37148979771882], [-584.0621962212026, -219.74128146469593], [-576.12469621934, -229.66315646562725], [-572.8174045532942, -245.20742729771882], [-548.3434462212026, -239.91576063074172]]]], "centroids": [[-565.0050398092717, -284.6473990334198, 1048.1990051269531]], "h": 25.0}, "mtl": {"idx": 0, "edge": 1}}, {"geom": {"polygons": [[[[487.5003037825227, 1891.1376247862354], [534.4638454467058, 1864.3485622862354], [537.7711371146142, 1873.2782497871667], [510.98207461461425, 1889.814708121121], [519.25030378066, 1906.0204372871667], [524.21124128066, 1903.0438747871667], [530.8258246146142, 1912.965749788098], [566.87530378066, 1893.1219997862354], [559.2685329485685, 1877.5777289541438], [572.4976996164769, 1869.6402289541438], [605.2398871146142, 1924.8719997862354], [633.0211371164769, 1910.3199164541438], [592.0107204485685, 1842.5204372871667], [567.86749128066, 1857.7339789532125], [555.6305121146142, 1835.2443956220523], [571.5055121146142, 1823.3381456220523], [566.2138454485685, 1813.7469997871667], [623.0992621127516, 1780.674083121121], [610.53155378066, 1751.5699164522812], [573.82061628066, 1772.0751247862354], [574.4820746146142, 1774.7209581192583], [495.10707461461425, 1817.0542914541438], [504.69822044856846, 1832.5985622862354], [491.1383246164769, 1840.8667914532125], [497.7529079467058, 1848.4735622871667], [471.62530378066003, 1865.3407497871667], [487.5003037825227, 1891.1376247862354]]]], "centroids": [[554.9946219697595, 1845.5285719055682, 1052.9011535644531]], "h": 15.0}, "mtl": {"idx": 0, "edge": 1}}, {"geom": {"polygons": [[[[-283.26401913538575, 2142.3264268692583], [-194.95933163538575, 2143.3186143701896], [-194.95933163538575, 2099.6623643692583], [-180.07651913538575, 2099.6623643692583], [-181.06870663538575, 2120.4983018692583], [-172.80047746933997, 2120.8290310371667], [-173.46193580329418, 2130.7509060371667], [-132.12078996933997, 2130.4201768701896], [-131.45933163538575, 2121.8212185371667], [-121.20672746933997, 2120.8290310371667], [-120.54526913538575, 2129.09726020135], [-116.57651913538575, 2129.09726020135], [-117.89943580515683, 2132.073822704144], [-101.03224830143154, 2132.7352810371667], [-100.37078996747732, 2088.4175727032125], [-96.07131080329418, 2088.4175727032125], [-96.07131080329418, 2067.912364368327], [-108.30828996933997, 2067.5816352032125], [-108.30828996933997, 2071.5503852032125], [-116.57651913538575, 2071.5503852032125], [-116.24578996561468, 2060.967051871121], [-125.17547746747732, 2060.967051871121], [-123.85256080329418, 2046.7456977032125], [-118.89162330329418, 2046.7456977032125], [-118.89162330329418, 2032.524343535304], [-114.59214413538575, 2032.524343535304], [-113.26922746933997, 2023.9253852041438], [-107.31610246933997, 2023.594656038098], [-107.97756080329418, 2015.9878852032125], [-114.26141496933997, 2015.9878852032125], [-112.93849830329418, 2010.365489368327], [-169.1624566335231, 2006.396739371121], [-168.83172746747732, 2019.9566352032125], [-192.64422746933997, 2020.9488227041438], [-192.97495663538575, 2011.357676871121], [-231.00881080143154, 2011.357676871121], [-232.33172746933997, 1998.1285102041438], [-185.69891496747732, 1998.7899685371667], [-183.05308163538575, 1995.1519477050751], [-185.36818580329418, 1988.2066352041438], [-192.97495663538575, 1988.868093538098], [-192.31349830143154, 1965.0555935371667], [-186.69110246933997, 1963.732676868327], [-185.69891496747732, 1956.7873643701896], [-189.00620663538575, 1953.1493435371667], [-193.30568580329418, 1952.1571560362354], [-193.30568580329418, 1945.8733018720523], [-209.51141496747732, 1943.8889268692583], [-228.36297746933997, 1946.204031035304], [-232.00099830329418, 1960.4253852041438], [-247.87599830329418, 1959.763926871121], [-249.86037330143154, 1960.7561143701896], [-252.50620663538575, 1962.0790310371667], [-254.15985246933997, 1965.0555935371667], [-253.49839413538575, 1980.2691352041438], [-287.2327691335231, 1979.2769477032125], [-289.21714413538575, 1985.2300727041438], [-290.2093316335231, 1992.1753852041438], [-291.20151913538575, 1998.4592393701896], [-289.5478733032942, 2005.0738227032125], [-288.55568580143154, 2012.349864368327], [-249.52964413538575, 2013.3420518701896], [-249.86037330143154, 2042.1154893701896], [-256.47495663538575, 2041.7847602050751], [-256.47495663538575, 2036.8238227032125], [-260.4437066335231, 2038.8081977041438], [-261.1051649674773, 2030.5399685362354], [-266.06610246933997, 2030.2092393692583], [-265.7353733032942, 2025.9097602041438], [-292.19370663538575, 2026.571218535304], [-292.19370663538575, 2060.636322702281], [-237.95412330329418, 2059.9748643701896], [-237.95412330329418, 2057.9904893701896], [-222.07912330329418, 2057.659760205075], [-222.7405816335231, 2075.51913520135], [-240.93068580329418, 2076.180593535304], [-240.93068580329418, 2077.503510204144], [-251.5140191335231, 2076.842051871121], [-251.5140191335231, 2096.024343535304], [-249.19891496747732, 2095.6936143701896], [-250.52183163538575, 2118.183197704144], [-263.7509983032942, 2119.836843535304], [-263.7509983032942, 2107.269135205075], [-283.26401913538575, 2107.269135205075], [-284.5869358032942, 2122.8134060343727], [-281.9411024674773, 2123.144135204144], [-283.26401913538575, 2142.3264268692583]]]], "centroids": [[-198.38326321914792, 2056.738898621872, 1123.042221069336]], "h": 15.0}, "mtl": {"idx": 0,