{"type": "block", "layer": 8, "block": 0, "features": [{"geom": {"polygons": [[[[-159.6374566257, -459.22227104660124], [-154.3457899596542, -456.57643771357834], [-152.69214412383735, -463.1910210484639], [-148.7233941257, -465.8368543814868], [-145.08537329174578, -465.50612521450967], [-145.08537329174578, -456.24570854660124], [-107.71297745779157, -449.9618543786928], [-100.1062066257, -511.80820854753256], [-138.47078995779157, -521.0686252145097], [-146.07756079360843, -469.47487521357834], [-154.3457899596542, -471.45925021450967], [-159.6374566257, -459.22227104660124]]]], "centroids": [[-124.59880766831338, -484.21356974262744, 1025.3802490234375]], "h": 22.5}, "mtl": {"idx": 0, "edge": 1}}, {"geom": {"polygons": [[[[-252.73771704360843, -365.37787000555545], [-254.0606337133795, -362.6493543796241], [-247.4460503794253, -361.49180229660124], [-250.4226128794253, -353.05820854660124], [-243.14657121151686, -350.7431043814868], [-251.4148003794253, -324.2847710484639], [-205.4434462133795, -310.0634168824181], [-179.64657121151686, -385.8003960456699], [-224.62573787756264, -397.8720106314868], [-228.0983941294253, -388.28086479660124], [-236.0358941257, -389.9345106314868], [-243.89071183651686, -370.8349012546241], [-249.67847225256264, -373.23268771450967], [-252.73771704360843, -365.37787000555545]]]], "centroids": [[-217.94490581005812, -355.72815967630595, 1048.1482696533203]], "h": 17.5}, "mtl": {"idx": 0, "edge": 1}}, {"geom": {"polygons": [[[[-252.5723524596542, -363.97227104660124], [-240.33537329174578, -400.3524793824181], [-177.82756079174578, -385.8003960456699], [-174.5202691257, -385.4696668814868], [-154.01506079174578, -456.90716688055545], [-203.2937066257, -467.49050021357834], [-205.2780816257, -456.24570854660124], [-198.0020399596542, -454.59206271357834], [-210.2390191257, -415.89675021357834], [-337.5697482917458, -446.654562712647], [-336.9082899596542, -455.2535210456699], [-344.8457899596542, -458.560812715441], [-373.2884982917458, -395.39154188055545], [-361.71297745779157, -387.78477104660124], [-362.3744357917458, -390.43060438055545], [-294.2442274596542, -351.404562712647], [-295.56714412756264, -348.42800021357834], [-288.2911024596542, -343.79779188055545], [-280.35360245779157, -353.7196668814868], [-277.0463107917458, -369.26393771357834], [-252.5723524596542, -363.97227104660124]]]], "centroids": [[-269.2339460477233, -408.7039094492793, 1048.1990051269531]], "h": 25.0}, "mtl": {"idx": 0, "edge": 1}}, {"geom": {"polygons": [[[[783.2713975440711, 1767.0811143703759], [830.2349392082542, 1740.2920518703759], [833.5422308761626, 1749.2217393713072], [806.7531683761626, 1765.7581977052614], [815.0213975422084, 1781.9639268713072], [819.9823350422084, 1778.9873643713072], [826.5969183761626, 1788.9092393722385], [862.6463975422084, 1769.0654893703759], [855.0396267101169, 1753.5212185382843], [868.2687933780253, 1745.5837185382843], [901.0109808761626, 1800.8154893703759], [928.7922308780253, 1786.2634060382843], [887.7818142101169, 1718.4639268713072], [863.6385850422084, 1733.677468537353], [851.4016058761626, 1711.1878852061927], [867.2766058761626, 1699.2816352061927], [861.9849392101169, 1689.6904893713072], [918.8703558743, 1656.6175727052614], [906.3026475422084, 1627.5134060364217], [869.5917100422084, 1648.0186143703759], [870.2531683761626, 1650.6644477033988], [790.8781683761626, 1692.9977810382843], [800.4693142101169, 1708.5420518703759], [786.9094183780253, 1716.810281037353], [793.5240017082542, 1724.4170518713072], [767.3963975422084, 1741.2842393713072], [783.2713975440711, 1767.0811143703759]]]], "centroids": [[850.7657157313079, 1721.4720614897087, 1052.9011535644531]], "h": 15.0}, "mtl": {"idx": 0, "edge": 1}}, {"geom": {"polygons": [[[[12.507074626162648, 2018.2699164533988], [100.81176212616265, 2019.26210395433], [100.81176212616265, 1975.6058539533988], [115.69457462616265, 1975.6058539533988], [114.70238712616265, 1996.4417914533988], [122.97061629220843, 1996.7725206213072], [122.30915795825422, 2006.6943956213072], [163.65030379220843, 2006.36366645433], [164.31176212616265, 1997.7647081213072], [174.56436629220843, 1996.7725206213072], [175.22582462616265, 2005.0407497854903], [179.19457462616265, 2005.0407497854903], [177.87165795639157, 2008.0173122882843], [194.73884546011686, 2008.6787706213072], [195.40030379407108, 1964.361062287353], [199.69978295825422, 1964.361062287353], [199.69978295825422, 1943.8558539524674], [187.46280379220843, 1943.525124787353], [187.46280379220843, 1947.493874787353], [179.19457462616265, 1947.493874787353], [179.52530379593372, 1936.9105414552614], [170.59561629407108, 1936.9105414552614], [171.91853295825422, 1922.689187287353], [176.87947045825422, 1922.689187287353], [176.87947045825422, 1908.4678331194445], [181.17894962616265, 1908.4678331194445], [182.50186629220843, 1899.8688747882843], [188.45499129220843, 1899.5381456222385], [187.79353295825422, 1891.931374787353], [181.50967879220843, 1891.931374787353], [182.83259545825422, 1886.3089789524674], [126.6086371280253, 1882.3402289552614], [126.93936629407108, 1895.900124787353], [103.12686629220843, 1896.8923122882843], [102.79613712616265, 1887.3011664552614], [64.76228296011686, 1887.3011664552614], [63.43936629220843, 1874.0719997882843], [110.07217879407108, 1874.7334581213072], [112.71801212616265, 1871.0954372892156], [110.40290795825422, 1864.1501247882843], [102.79613712616265, 1864.8115831222385], [103.45759546011686, 1840.9990831213072], [109.07999129220843, 1839.6761664524674], [110.07217879407108, 1832.73085395433], [106.76488712616265, 1829.0928331213072], [102.46540795825422, 1828.1006456203759], [102.46540795825422, 1821.8167914561927], [86.25967879407108, 1819.8324164533988], [67.40811629220843, 1822.1475206194445], [63.77009545825422, 1836.3688747882843], [47.89509545825422, 1835.7074164552614], [45.91072046011686, 1836.69960395433], [43.26488712616265, 1838.0225206213072], [41.61124129220843, 1840.9990831213072], [42.27269962616265, 1856.2126247882843], [8.538324628025293, 1855.220437287353], [6.553949626162648, 1861.1735622882843], [5.561762128025293, 1868.1188747882843], [4.569574626162648, 1874.40272895433], [6.223220458254218, 1881.017312287353], [7.215407960116863, 1888.2933539524674], [46.24144962616265, 1889.28554145433], [45.91072046011686, 1918.05897895433], [39.29613712616265, 1917.7282497892156], [39.29613712616265, 1912.767312287353], [35.32738712802529, 1914.7516872882843], [34.66592879407108, 1906.4834581203759], [29.704991292208433, 1906.1527289533988], [30.035720458254218, 1901.8532497882843], [3.577387126162648, 1902.5147081194445], [3.577387126162648, 1936.5798122864217], [57.81697045825422, 1935.91835395433], [57.81697045825422, 1933.93397895433], [73.69197045825422, 1933.6032497892156], [73.0305121280253, 1951.4626247854903], [54.84040795825422, 1952.1240831194445], [54.84040795825422, 1953.4469997882843], [44.25707462802529, 1952.7855414552614], [44.25707462802529, 1971.9678331194445], [46.57217879407108, 1971.63710395433], [45.24926212616265, 1994.1266872882843], [32.02009545825422, 1995.7803331194445], [32.02009545825422, 1983.2126247892156], [12.507074626162648, 1983.2126247892156], [11.184157958254218, 1998.7568956185132], [13.829991294071078, 1999.0876247882843], [12.507074626162648, 2018.2699164533988]]]], "centroids": [[97.38783054240048, 1932.6823882060125, 1123.042221069336]], "h": 15.0}, "mtl": {"idx": 0,